<?xml version="1.0" encoding="UTF-8"?>
<project-private xmlns="http://www.netbeans.org/ns/project-private/1">
    <editor-bookmarks xmlns="http://www.netbeans.org/ns/editor-bookmarks/2" lastBookmarkId="0"/>
    <open-files xmlns="http://www.netbeans.org/ns/projectui-open-files/2">
        <group>
            <file>file:/H:/WorkEX/INT303/Project(INT303)2017-2018/MyFirstWebApp/src/java/sit/int303/first/servlet/SimpleCalculatorServlet.java</file>
            <file>file:/H:/WorkEX/INT303/Project(INT303)2017-2018/MyFirstWebApp/src/java/sit/int303/first/model/SimpleCalculator.java</file>
            <file>file:/H:/WorkEX/INT303/Project(INT303)2017-2018/MyFirstWebApp/src/java/sit/int303/first/servlet/VerySimpleCalculatorServlet.java</file>
            <file>file:/H:/WorkEX/INT303/Project(INT303)2017-2018/MyFirstWebApp/web/SimpleCalculatorView.jsp</file>
            <file>file:/H:/WorkEX/INT303/Project(INT303)2017-2018/MyFirstWebApp/web/index.html</file>
            <file>file:/H:/WorkEX/INT303/Project(INT303)2017-2018/MyFirstWebApp/web/CalculatorForm.html</file>
        </group>
    </open-files>
</project-private>
